rank,original_hotspot_rank,cell_id,lon,lat,forest_region,loss_pct,gain_ratio,rank_score,l30_clear,s30_clear,hls_clear
1,9,5.0_-15.0,-12.499999999999961,7.498733781403792,Guinean forests of West Africa,22.144218960429,8.222222222222,0.826263892411,9,65,74
2,10,-40.0_145.0,147.5,-37.481963097884396,Southeast Australian forests,26.8004195316,4.87619047619,0.59305019305,105,407,512
3,40,-20.0_45.0,47.499999999999986,-17.49633788191137,Madagascar dry forests,19.287533629146,4.819672131148,0.421855182615,122,466,588
4,30,60.0_-120.0,-117.50000000000007,62.43851972413156,Western Canadian boreal forest,21.406847325055,4.040540540541,0.392519626994,74,225,299
5,80,50.0_5.0,7.500000000000049,52.46247838627722,Central European mixed forests,20.854928955154,3.394904458599,0.321296110779,157,376,533
6,91,65.0_150.0,152.5,67.42045682140566,Russian Far East taiga,22.318545358697,3.109756097561,0.314964357849,82,173,255
7,41,10.0_-15.0,-12.499999999999945,12.497687944083436,Guinean forests of West Africa,24.819838528044,2.54128440367,0.28623413208,109,168,277
8,14,20.0_105.0,107.50000000000003,22.493268319499805,Indochina forests,18.508494282895,3.28,0.275495259372,25,57,82
9,3,5.0_-5.0,-2.499999999999992,7.498733781403757,Guinean forests of West Africa,24.121856115726,2.516129032258,0.275431006209,31,47,78
10,81,40.0_-10.0,-7.500000000000029,42.476854411925956,Iberian mixed forests,18.337950248415,3.305882352941,0.275110636414,85,196,281
11,76,50.0_10.0,12.49999999999991,52.4624783862772,Central European mixed forests,17.773525319927,3.30303030303,0.2664129506,198,456,654
12,97,5.0_0.0,2.499999999999991,7.498733781403757,Guinean forests of West Africa,21.113090498186,2.774193548387,0.265801705887,31,55,86
13,1,5.0_-10.0,-7.500000000000044,7.498733781403786,Guinean forests of West Africa,21.105833383476,2.727272727273,0.261216299117,77,133,210
14,16,-20.0_35.0,37.50000000000001,-17.49633788191136,Zambezian miombo woodlands,18.368584607597,3.077419354839,0.256526107398,155,322,477
15,2,-20.0_-60.0,-57.500000000000014,-17.496337881911344,Chiquitano dry forests,21.676925484957,2.607142857143,0.256467129325,28,45,73
16,59,60.0_-125.0,-122.50000000000001,62.43851972413156,Western Canadian boreal forest,13.947347508458,3.753424657534,0.237568317376,73,201,274
17,7,55.0_-125.0,-122.50000000000001,57.452181777122675,Western Canadian boreal forest,18.483278622618,2.828125,0.23721754573,64,117,181
18,70,5.0_5.0,7.500000000000043,7.498733781403784,Guinean forests of West Africa,14.899393872496,3.428571428571,0.23182005258,21,51,72
19,99,60.0_-115.0,-112.49999999999997,62.43851972413156,Western Canadian boreal forest,17.066340850498,2.96261682243,0.229448433443,107,210,317
20,64,55.0_10.0,12.499999999999908,57.45218177712268,Fennoscandian taiga,17.259800166319,2.897727272727,0.226966870064,88,167,255
21,28,60.0_25.0,27.499999999999986,62.43851972413156,Fennoscandian taiga,16.63108345317,2.924242424242,0.220700396549,66,127,193
22,6,-15.0_25.0,27.499999999999943,-12.497687944083436,Southern Congo forests,15.377947509625,3.060344827586,0.213568862829,116,239,355
23,52,10.0_105.0,107.5,12.497687944083419,Indochina forests,13.010931196803,3.606060606061,0.212917127798,33,86,119
24,100,50.0_15.0,17.50000000000005,52.462478386277226,Central European mixed forests,14.579365557934,3.188118811881,0.210931927164,101,221,322
25,31,30.0_-90.0,-87.50000000000003,32.486090514537416,Southeastern US pine forests,10.894075642932,4.222222222222,0.208737592831,18,58,76
26,94,-20.0_30.0,32.50000000000003,-17.496337881911344,Zambezian miombo woodlands,16.493838622309,2.787878787879,0.208672310977,132,236,368
27,15,20.0_100.0,102.49999999999994,22.493268319499823,Indochina forests,12.526779571537,3.626666666667,0.20616563369,75,197,272
28,17,60.0_120.0,122.50000000000001,62.43851972413156,East Siberian taiga,17.444933922757,2.541666666667,0.201213501786,72,111,183
29,51,50.0_-80.0,-77.50000000000007,52.4624783862772,Eastern Canadian boreal forest,13.850983687402,3.2,0.201140624102,130,286,416
30,5,-15.0_-65.0,-62.50000000000004,-12.497687944083433,Chiquitano dry forests,14.379883127732,3.0625,0.199848388638,80,165,245
31,48,60.0_130.0,132.50000000000006,62.438519724131545,East Siberian taiga,14.93131995055,2.931034482759,0.198604153439,116,224,340
32,20,15.0_100.0,102.49999999999991,17.496337881911355,Indochina forests,15.141142795836,2.8828125,0.198081651842,128,241,369
33,75,45.0_-75.0,-72.49999999999989,47.47049239797635,Eastern Canadian boreal forest,8.55370640108,4.891891891892,0.189889253593,37,144,181
34,47,0.0_100.0,102.49999999999993,2.4995980548582457,Sundaland rainforests,11.100636742489,3.6,0.181350847296,40,104,144
35,24,60.0_125.0,127.49999999999996,62.438519724131545,East Siberian taiga,16.874036504299,2.357142857143,0.180498703062,98,133,231
36,22,-10.0_-50.0,-47.49999999999995,-7.498733781403767,Amazon-Cerrado frontier,13.867520652095,2.862244897959,0.180125337864,196,365,561
37,89,45.0_10.0,12.49999999999996,47.470492397976365,Central European mixed forests,11.428961545384,3.445945945946,0.178724639354,74,181,255
38,63,60.0_20.0,22.500000000000014,62.43851972413156,Fennoscandian taiga,17.262861697479,2.257731958763,0.176870078658,97,122,219
39,11,-5.0_-50.0,-47.49999999999995,-2.499598054858238,Amazon-Cerrado frontier,12.996038759426,2.987179487179,0.176173877669,78,155,233
40,4,-20.0_-65.0,-62.50000000000003,-17.496337881911348,Chiquitano dry forests,15.057903882794,2.575,0.175958783675,80,126,206
41,68,-10.0_30.0,32.50000000000004,-7.498733781403797,Southern Congo forests,13.003998327129,2.920289855072,0.17233443391,138,265,403
42,69,-15.0_30.0,32.500000000000036,-12.497687944083475,Southern Congo forests,14.445223316579,2.575757575758,0.168848980711,165,260,425
43,54,-10.0_-45.0,-42.49999999999999,-7.498733781403764,Global forest hotspot (approx.),12.65844914489,2.890756302521,0.166058526356,119,225,344
44,49,55.0_-120.0,-117.50000000000001,57.452181777122675,Western Canadian boreal forest,12.291536051749,2.934210526316,0.163669074751,76,147,223
45,43,-30.0_-55.0,-52.49999999999997,-27.489436690804077,Atlantic Forest frontier,11.649077485522,2.981132075472,0.157594823664,106,210,316
46,42,60.0_115.0,117.50000000000007,62.43851972413156,East Siberian taiga,13.234798309875,2.608695652174,0.156678692584,69,111,180
47,18,40.0_-125.0,-122.49999999999996,42.47685441192591,Pacific Northwest forests,16.666880207381,2.06862745098,0.156460889417,204,218,422
48,62,45.0_-70.0,-67.50000000000004,47.47049239797635,Eastern Canadian boreal forest,9.760352183805,3.474576271186,0.153899261301,59,146,205
49,46,55.0_-110.0,-107.50000000000007,57.452181777122675,Western Canadian boreal forest,13.520081256688,2.469696969697,0.151527747659,66,97,163
50,38,55.0_-115.0,-112.5,57.45218177712266,Western Canadian boreal forest,12.448207232249,2.637362637363,0.148986135833,91,149,240
51,25,-15.0_-60.0,-57.500000000000014,-12.497687944083482,Chiquitano dry forests,10.6693813541,2.979591836735,0.144266405542,98,194,292
52,13,-10.0_-55.0,-52.49999999999999,-7.498733781403776,Amazon-Cerrado frontier,10.516766375372,2.977777777778,0.142116239821,90,178,268
53,35,-15.0_35.0,37.49999999999999,-12.497687944083449,Southern Congo forests,11.882604756169,2.632075471698,0.141931628858,106,173,279
54,26,-10.0_15.0,17.499999999999957,-7.498733781403789,Southern Congo forests,9.292555186749,3.361111111111,0.141738298752,36,85,121
55,29,20.0_95.0,97.50000000000009,22.493268319499844,Indochina forests,11.659518734952,2.65306122449,0.14037736759,49,81,130
56,50,-15.0_15.0,17.49999999999998,-12.497687944083419,Southern Congo forests,9.990804476768,3.033613445378,0.137540277901,119,242,361
57,86,50.0_-75.0,-72.49999999999991,52.4624783862772,Eastern Canadian boreal forest,10.451457591099,2.886363636364,0.136898000301,44,83,127
58,74,-10.0_35.0,37.50000000000002,-7.498733781403778,Southern Congo forests,10.800685601796,2.768115942029,0.135676551971,69,122,191
59,78,50.0_-120.0,-117.50000000000004,52.46247838627721,Western Canadian boreal forest,9.745910678088,3.021276595745,0.133623274578,47,95,142
60,23,20.0_90.0,92.49999999999997,22.493268319499816,Indochina forests,14.749661465305,1.975806451613,0.132249990316,124,121,245
61,8,-5.0_100.0,102.49999999999993,-2.4995980548582466,Sundaland rainforests,15.074436668193,1.925531914894,0.13172281704,94,87,181
62,92,55.0_-105.0,-102.4999999999999,57.452181777122675,Western Canadian boreal forest,10.014131149928,2.884057971014,0.131064917274,69,130,199
63,33,-10.0_20.0,22.50000000000006,-7.498733781403814,Southern Congo forests,9.042867811853,3.075471698113,0.126208066788,53,110,163
64,44,-15.0_-70.0,-67.49999999999997,-12.497687944083422,Chiquitano dry forests,8.62641553416,3.145161290323,0.123123936812,62,133,195
65,60,20.0_110.0,112.5,22.493268319499798,Global forest hotspot (approx.),13.715131996296,1.962264150943,0.122131209647,53,51,104
66,57,30.0_-95.0,-92.49999999999999,32.486090514537416,Southeastern US pine forests,9.741729326284,2.758771929825,0.121961021782,228,401,629
67,34,15.0_-95.0,-92.49999999999997,17.496337881911362,Maya forests,13.430415740505,1.995780590717,0.121638609938,237,236,473
68,95,55.0_105.0,107.50000000000007,57.452181777122675,Global forest hotspot (approx.),8.481313468487,3.033898305085,0.116770551549,59,120,179
69,85,-25.0_-60.0,-57.500000000000014,-22.49326831949979,Atlantic Forest frontier,8.601225884965,2.971962616822,0.116003980798,107,211,318
70,93,5.0_-75.0,-72.5,7.498733781403789,Southwestern Amazon forests,7.939307134447,3.21875,0.115968234811,32,71,103
71,37,-5.0_25.0,27.49999999999996,-2.4995980548582346,Congo Basin forests,8.366685315291,3.027027027027,0.114931461828,37,75,112
72,39,-5.0_110.0,112.50000000000001,-2.499598054858247,Borneo rainforests,10.43999098413,2.384615384615,0.112976381935,26,36,62
73,67,-10.0_25.0,27.499999999999936,-7.498733781403797,Southern Congo forests,7.070903494584,3.513888888889,0.112754045244,72,181,253
74,96,50.0_25.0,27.499999999999986,52.462478386277226,Global forest hotspot (approx.),11.782369526936,2.058823529412,0.110083178176,102,108,210
75,84,45.0_-80.0,-77.50000000000003,47.470492397976365,Eastern Canadian boreal forest,7.875327851337,3.074324324324,0.109872124224,148,307,455
76,83,-10.0_-80.0,-77.50000000000003,-7.498733781403792,Southwestern Amazon forests,8.425199547952,2.814285714286,0.107601315062,70,127,197
77,82,0.0_110.0,112.50000000000001,2.499598054858247,Borneo rainforests,7.70992256278,3.037037037037,0.106259875206,27,55,82
78,21,0.0_25.0,27.499999999999975,2.499598054858234,Congo Basin forests,8.328719317036,2.762711864407,0.104419838293,59,104,163
79,27,-5.0_-55.0,-52.499999999999986,-2.499598054858245,Amazon-Cerrado frontier,8.406480882953,2.714285714286,0.103547349763,14,24,38
80,32,30.0_-85.0,-82.5,32.4860905145374,Southeastern US pine forests,11.631136946893,1.943946188341,0.102606672825,446,421,867
81,79,25.0_115.0,117.50000000000007,27.489436690804048,Southeast China subtropical forests,8.659327212763,2.6,0.102170776953,45,72,117
82,65,0.0_30.0,32.500000000000036,2.4995980548581995,Global forest hotspot (approx.),11.098378107071,1.980198019802,0.099732644676,202,198,400
83,12,-5.0_15.0,17.499999999999982,-2.499598054858238,Congo Basin forests,11.588787265649,1.870967741935,0.098395103656,62,54,116
84,45,-10.0_-60.0,-57.5,-7.498733781403799,Amazon-Cerrado frontier,7.252000378352,2.952380952381,0.097162663173,63,123,186
85,55,-5.0_20.0,22.50000000000005,-2.4995980548582315,Congo Basin forests,6.866295269888,3,0.09347875666,33,66,99
86,36,0.0_20.0,22.500000000000046,2.49959805485823,Congo Basin forests,7.752926608575,2.654545454545,0.093395303199,55,91,146
87,72,15.0_95.0,97.5000000000001,17.49633788191135,Indochina forests,10.03593074495,2.006944444444,0.091403369016,144,145,289
88,77,0.0_15.0,17.49999999999998,2.49959805485824,Congo Basin forests,5.812794126408,3.176470588235,0.083791309435,34,74,108
89,58,-15.0_-55.0,-52.50000000000001,-12.497687944083449,Global forest hotspot (approx.),9.442892033081,1.909638554217,0.081832420175,166,151,317
90,19,0.0_10.0,12.499999999999948,2.4995980548582386,Congo Basin forests,8.501813458897,2.0625,0.079574647998,16,17,33
91,88,-10.0_-65.0,-62.50000000000004,-7.498733781403797,Amazon-Cerrado frontier,5.51453924889,2.828125,0.070774535902,64,117,181
92,73,55.0_15.0,17.50000000000004,57.452181777122675,Fennoscandian taiga,21.833595653249,0,0,0,0,0
93,90,-35.0_150.0,152.5,-32.486090514537395,Southeast Australian forests,16.905335163493,0,0,0,0,0
94,71,10.0_-85.0,-82.49999999999996,12.497687944083426,Maya forests,15.96594284347,0,0,0,0,0
95,56,-5.0_-45.0,-42.5,-2.499598054858254,Global forest hotspot (approx.),15.317467125616,0,0,0,0,0
96,53,15.0_105.0,107.50000000000004,17.496337881911376,Indochina forests,15.175572624867,0,0,0,0,0
97,66,60.0_15.0,17.499999999999986,62.43851972413156,Fennoscandian taiga,14.730005588558,0,0,0,0,0
98,61,15.0_-90.0,-87.50000000000004,17.496337881911366,Maya forests,11.800037427072,0,0,0,0,0
99,87,0.0_95.0,97.50000000000006,2.4995980548582484,Sundaland rainforests,11.217119783872,0,0,0,0,0
100,98,-5.0_115.0,117.50000000000007,-2.499598054858222,Borneo rainforests,10.16919027033,0,0,0,0,0
